{
  "main.py": 1783171330.047119,
  "config\\settings.py": 1783171330.1134048,
  "config\\__init__.py": 1777028398.2360518,
  "core\\agent.py": 1783171330.1459508,
  "core\\code_execution.py": 1783171330.1540148,
  "core\\knowledge_graph.py": 1783171330.1641252,
  "core\\memory.py": 1783171330.172353,
  "core\\planning.py": 1783171330.1786208,
  "core\\reasoning.py": 1783171330.182624,
  "core\\symbolic.py": 1783171338.2540367,
  "core\\__init__.py": 1783171330.201042,
  "domains\\code_solver.py": 1783171330.2778053,
  "domains\\general_solver.py": 1783171330.2820144,
  "domains\\math_solver.py": 1783194157.0850475,
  "domains\\science_solver.py": 1783171330.305395,
  "domains\\__init__.py": 1777028400.2661202,
  "frontend\\vite.config.js": 1782551973.4079225,
  "frontend\\js\\api.js": 1782551978.3564558,
  "frontend\\js\\app.js": 1777743795.8874722,
  "frontend\\js\\pipeline.js": 1782550843.7599843,
  "frontend\\js\\router.js": 1777743386.4655387,
  "frontend\\js\\state.js": 1777743398.072243,
  "frontend\\js\\views\\alternatives.js": 1777743586.2662008,
  "frontend\\js\\views\\api-docs.js": 1782552002.0763385,
  "frontend\\js\\views\\code-analysis.js": 1777743773.6201372,
  "frontend\\js\\views\\explanation.js": 1777743543.7110813,
  "frontend\\js\\views\\home.js": 1782550970.7216177,
  "frontend\\js\\views\\image-analysis.js": 1777743755.484938,
  "frontend\\js\\views\\knowledge-graph.js": 1777743664.936748,
  "frontend\\js\\views\\memory.js": 1778080914.421895,
  "frontend\\js\\views\\pipeline-view.js": 1782552837.1049302,
  "frontend\\js\\views\\plan.js": 1777743629.396263,
  "frontend\\js\\views\\refinement.js": 1777743608.0670023,
  "frontend\\js\\views\\sessions.js": 1778080914.421895,
  "frontend\\js\\views\\settings.js": 1777743717.5499916,
  "frontend\\js\\views\\solution.js": 1778080914.424406,
  "frontend\\js\\views\\verification.js": 1777743564.706035,
  "integrations\\data_integration.py": 1783171338.2879462,
  "integrations\\data_sources.py": 1783171356.2375753,
  "integrations\\mistral_integration.py": 1783171331.0464208,
  "integrations\\openai_integration.py": 1783171331.0499094,
  "integrations\\tools.py": 1783171356.2716537,
  "integrations\\__init__.py": 1777028402.2810524,
  "interfaces\\api.py": 1783171918.3777504,
  "interfaces\\cli.py": 1783171331.1030586,
  "interfaces\\__init__.py": 1777028404.341756,
  "processors\\code_processor.py": 1783171364.6842377,
  "processors\\image_processor.py": 1783171331.1342423,
  "processors\\text_processor.py": 1783171331.138245,
  "processors\\voice_processor.py": 1783171331.146404,
  "processors\\__init__.py": 1783171331.1499128,
  "tests\\test_core.py": 1783193909.8425703,
  "tests\\test_interfaces.py": 1783193957.242628,
  "tests\\test_processors.py": 1783194103.322325,
  "tests\\test_solvers.py": 1783194563.545785,
  "tests\\__init__.py": 1777028410.4135318,
  "utils\\helpers.py": 1783171331.176424,
  "utils\\validators.py": 1783171331.1790235,
  "utils\\visualization.py": 1783171331.1840236,
  "utils\\__init__.py": 1783171331.1880255,
  "README.md": 1783194728.320979,
  "requirements.txt": 1783171889.9884071,
  "TUTORIAL.md": 1777746979.5603561,
  "data\\README.md": 1750938939.0,
  "frontend\\index.html": 1782550981.9276495,
  "stackmind-intelligent-problem-solving-reimagined.pdf": 1751133124.2280118,
  "System-design.png": 1777971096.7973492
}